model,gpus,n,m,mean_time_ms,gflops
cunumeric,1,2000,2000,80.238851,99.702325
diffeq,1,2000,2000,20.349672,393.126723
cunumeric,2,2828,2828,80.767436,280.028297
diffeq,2,2828,2828,20.803013,1087.206344
cunumeric,4,4000,4000,80.092038,799.080678
diffeq,4,4000,4000,21.823801,2932.578055
cunumeric,8,5657,5657,124.966090,1448.659620
diffeq,8,5657,5657,25.071323,7220.732849