model,gpus,n,m,mean_time_ms,gflops
cunumeric,1,2000,2000,80.238851,99.702325
cunumeric,2,2828,2828,80.767436,280.028297
cunumeric,4,4000,4000,80.092038,799.080678
cunumeric,8,5657,5657,124.966090,1448.659620
diffeq,1,2000,2000,21.883728,365.568426
diffeq,2,2828,2828,23.101562,979.031940
diffeq,4,4000,4000,24.392044,2623.806345
diffeq,8,5657,5657,27.838636,6502.952436