model,gpus,n,m,mean_time_ms,gflops
cunumeric,1,20000,20000,842.288150,18995.399615
cuda,1,20000,20000,840.495777,19035.907658
cunumeric,2,25198,25198,861.420600,37145.340134
cuda,2,25198,25198,876.621342,36501.234528
cunumeric,4,31748,31748,872.727250,73332.034523
cuda,4,31748,31748,924.579811,69219.405462
cunumeric,8,40000,40000,865.591200,147873.961750
cuda,8,40000,40000,862.149715,148464.237371