model,gpus,n,m,mean_time_ms,gflops
cunumeric,1,48000,48000,12365.131750,17887.532496
cuda,1,48000,48000,12408.994293,17824.304756
cunumeric,2,48000,96000,12126.671350,36478.740392
cunumeric,4,96000,96000,24456.519400,72351.374088
cunumeric,8,96000,192000,24677.290050,143408.566209