model,gpus,n,m,mean_time_ms,gflops
cunumeric,1,12288,24576,390.199000,19019.916741
cuda,1,12288,24576,388.698578,19093.335852
cunumeric,2,16384,92682,1336.849850,37220.336622
cuda,2,16384,92682,1356.740570,36674.661706
cunumeric,4,24576,49152,799.056400,74303.921375
cuda,4,24576,49152,778.731585,76243.246194
cunumeric,8,32768,65536,939.997450,149719.996170
cuda,8,32768,65536,986.881828,142607.159821