model,gpus,n,m,mean_time_ms,gflops
cuPyNumeric,1,2000,2000,10.078765,793.748044
GC every 1,1,2000,2000,68.063178,117.537856
cuPyNumeric,2,2828,2828,9.056962,2497.213475
GC every 1,2,2828,2828,70.620992,320.261255
cuPyNumeric,4,4000,4000,18.141343,3527.853478
GC every 1,4,4000,4000,69.823398,916.598187
cuPyNumeric,8,5657,5657,45.456077,3982.599035
GC every 1,8,5657,5657,81.601872,2218.494796
